{"loss": [0.1688341349363327], "mse": [0.04685988277196884], "mae": [0.1688341349363327], "val_loss": [0.17104274034500122], "val_mse": [0.047670211642980576], "val_mae": [0.17104274034500122]}