{"loss": [0.16988195478916168], "mse": [0.04726160690188408], "mae": [0.16988195478916168], "val_loss": [0.17095330357551575], "val_mse": [0.047682084143161774], "val_mae": [0.17095330357551575]}