{"loss": [0.046969782561063766], "mse": [0.046969782561063766], "mae": [0.16973745822906494], "val_loss": [0.047519393265247345], "val_mse": [0.047519393265247345], "val_mae": [0.17126499116420746]}