{"loss": [0.16896086931228638], "mse": [0.04689091071486473], "mae": [0.16896086931228638], "val_loss": [0.17104165256023407], "val_mse": [0.047670867294073105], "val_mae": [0.17104165256023407]}