{"loss": [0.047361694276332855], "mse": [0.047361694276332855], "mae": [0.17053283751010895], "val_loss": [0.04752294719219208], "val_mse": [0.04752294719219208], "val_mae": [0.17129093408584595]}