{"loss": [0.1688343584537506], "mse": [0.04685862734913826], "mae": [0.1688343584537506], "val_loss": [0.17104507982730865], "val_mse": [0.04766836017370224], "val_mae": [0.17104507982730865]}