{"loss": [0.048844147473573685], "mse": [0.048844147473573685], "mae": [0.17343877255916595], "val_loss": [0.04970144107937813], "val_mse": [0.04970144107937813], "val_mae": [0.17974205315113068]}