{"loss": [0.16908767819404602], "mse": [0.046952564269304276], "mae": [0.16908767819404602], "val_loss": [0.17099691927433014], "val_mse": [0.04766227677464485], "val_mae": [0.17099691927433014]}