{"loss": [0.04714280739426613], "mse": [0.04714280739426613], "mae": [0.16976994276046753], "val_loss": [0.047566235065460205], "val_mse": [0.047566235065460205], "val_mae": [0.17104630172252655]}