{"loss": [4303.52783203125, 3491.661376953125, 2972.792236328125, 2497.721923828125, 2063.3046875, 1675.04931640625, 1330.41748046875, 1031.153564453125, 774.7763671875, 562.1080322265625, 392.546875, 265.955810546875, 180.58047485351562, 136.67306518554688, 125.37812805175781, 124.68251037597656, 124.65384674072266, 124.62903594970703, 124.5999755859375, 124.64654541015625, 124.57624053955078, 124.65277099609375, 124.64947509765625, 124.65843963623047, 124.65167236328125, 124.676513671875, 124.7860107421875, 124.88433837890625, 124.650390625, 124.77277374267578, 124.86692810058594, 124.7297134399414, 124.62247467041016, 124.95919799804688, 124.70004272460938, 124.6261978149414, 124.64159393310547, 124.6386489868164, 124.6721420288086, 124.65213775634766, 124.74285125732422, 124.67430114746094, 124.93865966796875, 124.88350677490234, 124.73373413085938, 124.9269790649414, 124.87779998779297, 124.87034606933594, 124.95156860351562, 124.78152465820312, 124.67125701904297, 124.95349884033203, 124.76692962646484, 124.92560577392578, 125.03419494628906, 124.64463806152344, 125.22713470458984, 124.78939819335938, 124.76849365234375, 124.68528747558594], "mse": [4303.52783203125, 3491.661376953125, 2972.792236328125, 2497.721923828125, 2063.3046875, 1675.04931640625, 1330.41748046875, 1031.153564453125, 774.7763671875, 562.1080322265625, 392.546875, 265.955810546875, 180.58047485351562, 136.67306518554688, 125.37812805175781, 124.68251037597656, 124.65384674072266, 124.62903594970703, 124.5999755859375, 124.64654541015625, 124.57624053955078, 124.65277099609375, 124.64947509765625, 124.65843963623047, 124.65167236328125, 124.676513671875, 124.7860107421875, 124.88433837890625, 124.650390625, 124.77277374267578, 124.86692810058594, 124.7297134399414, 124.62247467041016, 124.95919799804688, 124.70004272460938, 124.6261978149414, 124.64159393310547, 124.6386489868164, 124.6721420288086, 124.65213775634766, 124.74285125732422, 124.67430114746094, 124.93865966796875, 124.88350677490234, 124.73373413085938, 124.9269790649414, 124.87779998779297, 124.87034606933594, 124.95156860351562, 124.78152465820312, 124.67125701904297, 124.95349884033203, 124.76692962646484, 124.92560577392578, 125.03419494628906, 124.64463806152344, 125.22713470458984, 124.78939819335938, 124.76849365234375, 124.68528747558594], "mae": [64.51298522949219, 58.00139617919922, 53.342498779296875, 48.69707489013672, 44.01595687866211, 39.362796783447266, 34.71858596801758, 30.086509704589844, 25.474166870117188, 21.090017318725586, 17.176549911499023, 13.843253135681152, 11.195647239685059, 9.654167175292969, 9.20041561126709, 9.15749740600586, 9.151895523071289, 9.152539253234863, 9.157946586608887, 9.14986801147461, 9.154356956481934, 9.152594566345215, 9.152796745300293, 9.152729034423828, 9.155590057373047, 9.152281761169434, 9.16981315612793, 9.176729202270508, 9.154048919677734, 9.148990631103516, 9.18165111541748, 9.161386489868164, 9.162405014038086, 9.168431282043457, 9.164064407348633, 9.151944160461426, 9.156982421875, 9.156636238098145, 9.150030136108398, 9.152678489685059, 9.160163879394531, 9.155961990356445, 9.156682968139648, 9.168931007385254, 9.164291381835938, 9.168966293334961, 9.168407440185547, 9.159972190856934, 9.163229942321777, 9.157293319702148, 9.158337593078613, 9.169032096862793, 9.157121658325195, 9.180254936218262, 9.17276382446289, 9.159701347351074, 9.177608489990234, 9.161544799804688, 9.157515525817871, 9.158003807067871], "val_loss": [3748.161865234375, 3207.245361328125, 2712.180419921875, 2257.25244140625, 1847.9561767578125, 1483.245849609375, 1162.47705078125, 885.3049926757812, 652.2179565429688, 462.6074523925781, 315.5590515136719, 212.271484375, 148.55328369140625, 124.25060272216797, 122.12449645996094, 122.08082580566406, 122.09027099609375, 122.09028625488281, 122.24070739746094, 122.0794906616211, 122.13753509521484, 122.08399963378906, 122.12223815917969, 122.08441925048828, 122.119384765625, 122.07969665527344, 122.16962432861328, 122.11833190917969, 122.08686828613281, 122.07978057861328, 122.36370849609375, 122.07878112792969, 122.161376953125, 122.37552642822266, 122.10758972167969, 122.08838653564453, 122.10725402832031, 122.08636474609375, 122.08513641357422, 122.08233642578125, 122.08257293701172, 122.17251586914062, 122.62498474121094, 122.08028411865234, 122.45704650878906, 122.09992980957031, 122.07906341552734, 122.07807159423828, 122.15924072265625, 122.10633850097656, 122.21713256835938, 122.09275817871094, 122.16289520263672, 123.71736907958984, 122.0841064453125, 122.13693237304688, 122.08055877685547, 122.0902099609375, 122.0841293334961, 122.08706665039062], "val_mse": [3748.161865234375, 3207.245361328125, 2712.180419921875, 2257.25244140625, 1847.9561767578125, 1483.245849609375, 1162.47705078125, 885.3049926757812, 652.2179565429688, 462.6074523925781, 315.5590515136719, 212.271484375, 148.55328369140625, 124.25060272216797, 122.12449645996094, 122.08082580566406, 122.09027099609375, 122.09028625488281, 122.24070739746094, 122.0794906616211, 122.13753509521484, 122.08399963378906, 122.12223815917969, 122.08441925048828, 122.119384765625, 122.07969665527344, 122.16962432861328, 122.11833190917969, 122.08686828613281, 122.07978057861328, 122.36370849609375, 122.07878112792969, 122.161376953125, 122.37552642822266, 122.10758972167969, 122.08838653564453, 122.10725402832031, 122.08636474609375, 122.08513641357422, 122.08233642578125, 122.08257293701172, 122.17251586914062, 122.62498474121094, 122.08028411865234, 122.45704650878906, 122.09992980957031, 122.07906341552734, 122.07807159423828, 122.15924072265625, 122.10633850097656, 122.21713256835938, 122.09275817871094, 122.16289520263672, 123.71736907958984, 122.0841064453125, 122.13693237304688, 122.08055877685547, 122.0902099609375, 122.0841293334961, 122.08706665039062], "val_mae": [60.21695327758789, 55.544273376464844, 50.89303207397461, 46.20792770385742, 41.54368209838867, 36.89400100708008, 32.25520706176758, 27.626548767089844, 23.09086036682129, 18.892250061035156, 15.245549201965332, 12.307317733764648, 10.116311073303223, 9.162724494934082, 9.050822257995605, 9.033761978149414, 9.033761978149414, 9.033761978149414, 9.033761978149414, 9.035802841186523, 9.033761024475098, 9.033761978149414, 9.033761978149414, 9.033761024475098, 9.033761978149414, 9.033761978149414, 9.033761978149414, 9.03376293182373, 9.033761978149414, 9.033760070800781, 9.076541900634766, 9.033791542053223, 9.033761978149414, 9.077423095703125, 9.033761978149414, 9.041509628295898, 9.033761978149414, 9.033761024475098, 9.033761978149414, 9.033761978149414, 9.038552284240723, 9.033760070800781, 9.093042373657227, 9.036755561828613, 9.033767700195312, 9.03376293182373, 9.033761978149414, 9.033768653869629, 9.033761024475098, 9.033758163452148, 9.033758163452148, 9.0337553024292, 9.056869506835938, 9.143146514892578, 9.039262771606445, 9.052966117858887, 9.038020133972168, 9.033742904663086, 9.033759117126465, 9.033748626708984]}