{"loss": [0.1717837154865265], "mse": [0.048142097890377045], "mae": [0.1717837154865265], "val_loss": [0.17365488409996033], "val_mse": [0.04794511944055557], "val_mae": [0.17365488409996033]}