{"loss": [0.05300509184598923], "mae": [0.18074855208396912], "val_loss": [0.05465809628367424], "val_mae": [0.18314433097839355]}