{"loss": [3253.41650390625, 1650.169189453125, 659.6384887695312, 193.37721252441406, 124.37594604492188, 124.26687622070312, 124.25016021728516, 124.29984283447266, 124.2805404663086, 124.23932647705078, 124.26848602294922, 124.29528045654297, 124.26914978027344, 124.29359436035156, 124.28878784179688, 124.23834991455078, 124.19268798828125, 124.27632904052734, 124.26969146728516, 124.27374267578125, 124.31101989746094, 124.23135375976562, 124.26251220703125, 124.28164672851562, 124.22704315185547, 124.31228637695312, 124.27033996582031, 124.22710418701172, 124.30046081542969, 124.2655029296875, 124.6463623046875, 124.36322021484375, 125.08695983886719, 124.6993637084961, 124.98217010498047, 125.749755859375, 124.25442504882812, 124.27455139160156, 124.2791748046875, 124.30132293701172, 124.33140563964844, 124.27831268310547, 124.3209457397461, 124.32395935058594, 124.29307556152344, 124.3184585571289, 124.3036117553711, 124.55732727050781, 124.38249969482422, 124.58905792236328, 124.30908203125, 124.3429946899414, 124.30780029296875, 124.28019714355469, 124.28372955322266, 124.28500366210938, 124.22157287597656, 124.30355072021484, 124.30374145507812, 124.29895782470703, 124.2520523071289, 124.29412841796875, 124.29685974121094, 124.18621063232422, 124.26246643066406, 124.26498413085938, 124.29273223876953, 124.27716064453125, 124.27925872802734, 124.2846908569336, 124.29490661621094, 124.26799774169922, 124.2929916381836, 124.27276611328125, 124.26643371582031, 124.31031799316406, 124.31448364257812, 124.25633239746094, 124.31974029541016, 124.30553436279297, 124.34970092773438, 124.26184844970703, 124.59601593017578, 124.39835357666016, 124.28980255126953, 124.5409927368164, 124.574951171875, 124.62159729003906, 125.42593383789062, 124.6623764038086, 124.78385925292969, 124.59381103515625, 124.59432983398438, 124.6171875, 124.94596099853516, 124.33463287353516, 124.43192291259766, 124.34654235839844, 124.3371353149414, 124.3548583984375, 124.32476806640625, 124.41377258300781, 124.33648681640625, 124.26750946044922, 124.31440734863281, 124.28179931640625, 124.32366180419922, 124.32722473144531, 124.29832458496094, 124.26410675048828, 124.24974060058594, 124.3359146118164, 124.27867126464844, 124.28773498535156, 124.29863739013672, 124.47822570800781, 124.3342514038086, 124.33094024658203, 124.3265609741211, 124.26309967041016], "mse": [3253.41650390625, 1650.169189453125, 659.6384887695312, 193.37721252441406, 124.37594604492188, 124.26687622070312, 124.25016021728516, 124.29984283447266, 124.2805404663086, 124.23932647705078, 124.26848602294922, 124.29528045654297, 124.26914978027344, 124.29359436035156, 124.28878784179688, 124.23834991455078, 124.19268798828125, 124.27632904052734, 124.26969146728516, 124.27374267578125, 124.31101989746094, 124.23135375976562, 124.26251220703125, 124.28164672851562, 124.22704315185547, 124.31228637695312, 124.27033996582031, 124.22710418701172, 124.30046081542969, 124.2655029296875, 124.6463623046875, 124.36322021484375, 125.08695983886719, 124.6993637084961, 124.98217010498047, 125.749755859375, 124.25442504882812, 124.27455139160156, 124.2791748046875, 124.30132293701172, 124.33140563964844, 124.27831268310547, 124.3209457397461, 124.32395935058594, 124.29307556152344, 124.3184585571289, 124.3036117553711, 124.55732727050781, 124.38249969482422, 124.58905792236328, 124.30908203125, 124.3429946899414, 124.30780029296875, 124.28019714355469, 124.28372955322266, 124.28500366210938, 124.22157287597656, 124.30355072021484, 124.30374145507812, 124.29895782470703, 124.2520523071289, 124.29412841796875, 124.29685974121094, 124.18621063232422, 124.26246643066406, 124.26498413085938, 124.29273223876953, 124.27716064453125, 124.27925872802734, 124.2846908569336, 124.29490661621094, 124.26799774169922, 124.2929916381836, 124.27276611328125, 124.26643371582031, 124.31031799316406, 124.31448364257812, 124.25633239746094, 124.31974029541016, 124.30553436279297, 124.34970092773438, 124.26184844970703, 124.59601593017578, 124.39835357666016, 124.28980255126953, 124.5409927368164, 124.574951171875, 124.62159729003906, 125.42593383789062, 124.6623764038086, 124.78385925292969, 124.59381103515625, 124.59432983398438, 124.6171875, 124.94596099853516, 124.33463287353516, 124.43192291259766, 124.34654235839844, 124.3371353149414, 124.3548583984375, 124.32476806640625, 124.41377258300781, 124.33648681640625, 124.26750946044922, 124.31440734863281, 124.28179931640625, 124.32366180419922, 124.32722473144531, 124.29832458496094, 124.26410675048828, 124.24974060058594, 124.3359146118164, 124.27867126464844, 124.28773498535156, 124.29863739013672, 124.47822570800781, 124.3342514038086, 124.33094024658203, 124.3265609741211, 124.26309967041016], "mae": [55.60879135131836, 38.77570724487305, 22.896902084350586, 11.531692504882812, 9.143691062927246, 9.138701438903809, 9.137802124023438, 9.135761260986328, 9.136161804199219, 9.139626502990723, 9.136086463928223, 9.136943817138672, 9.141444206237793, 9.137765884399414, 9.139482498168945, 9.1383638381958, 9.136627197265625, 9.13969612121582, 9.137544631958008, 9.134074211120605, 9.137136459350586, 9.137882232666016, 9.136241912841797, 9.139196395874023, 9.133797645568848, 9.136433601379395, 9.137608528137207, 9.136251449584961, 9.139832496643066, 9.137248992919922, 9.157835960388184, 9.133005142211914, 9.18207836151123, 9.15566349029541, 9.16958236694336, 9.19089126586914, 9.137514114379883, 9.140130996704102, 9.139878273010254, 9.135855674743652, 9.13833999633789, 9.138232231140137, 9.138586044311523, 9.140095710754395, 9.140998840332031, 9.13979721069336, 9.142983436584473, 9.146453857421875, 9.138944625854492, 9.150012969970703, 9.141974449157715, 9.140426635742188, 9.1412353515625, 9.139193534851074, 9.14293098449707, 9.137151718139648, 9.13437271118164, 9.138838768005371, 9.13648509979248, 9.139431953430176, 9.138984680175781, 9.136372566223145, 9.139435768127441, 9.135736465454102, 9.134265899658203, 9.136967658996582, 9.138242721557617, 9.138068199157715, 9.135979652404785, 9.140993118286133, 9.13833999633789, 9.136033058166504, 9.136836051940918, 9.13995361328125, 9.137567520141602, 9.138235092163086, 9.145929336547852, 9.140013694763184, 9.139017105102539, 9.14234733581543, 9.140165328979492, 9.136517524719238, 9.15316104888916, 9.150298118591309, 9.141605377197266, 9.147011756896973, 9.149404525756836, 9.172708511352539, 9.180530548095703, 9.151949882507324, 9.161638259887695, 9.145467758178711, 9.15380859375, 9.153270721435547, 9.153800964355469, 9.144112586975098, 9.144553184509277, 9.142955780029297, 9.144281387329102, 9.14491081237793, 9.138775825500488, 9.139531135559082, 9.138710021972656, 9.14350700378418, 9.135175704956055, 9.136768341064453, 9.141576766967773, 9.14238166809082, 9.139694213867188, 9.137506484985352, 9.138093948364258, 9.138679504394531, 9.139046669006348, 9.134822845458984, 9.140483856201172, 9.150727272033691, 9.14202880859375, 9.147265434265137, 9.138303756713867, 9.135475158691406],