{"loss": [0.17641808092594147], "mse": [0.050496697425842285], "mae": [0.17641808092594147], "val_loss": [0.17693346738815308], "val_mse": [0.0500381663441658], "val_mae": [0.17693346738815308]}