{"loss": [4462.50390625, 3254.30810546875, 2735.741455078125, 2302.9404296875, 1933.0484619140625, 1615.8826904296875, 1345.03125, 1114.79150390625, 920.8032836914062, 758.4465942382812, 623.851806640625, 513.4824829101562, 423.583984375, 351.60406494140625, 294.6236572265625, 250.13943481445312, 215.8983612060547, 189.93222045898438, 170.54502868652344, 156.36456298828125, 146.1078338623047, 138.9192657470703, 133.922607421875, 130.55804443359375, 128.32052612304688, 126.87437438964844, 125.94173431396484, 125.3682632446289, 125.02214813232422, 124.81843566894531, 124.71407318115234, 124.6477279663086, 124.6111068725586, 124.58955383300781, 124.57796478271484, 124.57583618164062, 124.57029724121094, 124.57754516601562, 124.57804870605469, 124.5645751953125, 124.58171081542969, 124.56956481933594, 124.58545684814453, 124.56822967529297, 124.57379913330078, 124.57303619384766, 124.58814239501953, 124.5737533569336, 124.57816314697266, 124.58121490478516, 124.57672882080078, 124.57122039794922, 124.56375885009766, 124.5968017578125, 124.57376098632812, 124.59844207763672, 124.57437896728516, 124.57410430908203, 124.57406616210938, 124.59173583984375, 124.57317352294922, 124.66815185546875, 124.60948944091797, 124.59651184082031, 124.57154083251953, 124.58868408203125, 124.60236358642578, 124.62841033935547, 124.6208267211914, 124.72090911865234, 124.63579559326172, 124.58216094970703, 124.61425018310547, 124.59563446044922, 124.59658813476562, 124.58753967285156, 124.6234130859375, 124.61710357666016, 124.58517456054688, 124.61527252197266], "mse": [4462.50390625, 3254.30810546875, 2735.741455078125, 2302.9404296875, 1933.0484619140625, 1615.8826904296875, 1345.03125, 1114.79150390625, 920.8032836914062, 758.4465942382812, 623.851806640625, 513.4824829101562, 423.583984375, 351.60406494140625, 294.6236572265625, 250.13943481445312, 215.8983612060547, 189.93222045898438, 170.54502868652344, 156.36456298828125, 146.1078338623047, 138.9192657470703, 133.922607421875, 130.55804443359375, 128.32052612304688, 126.87437438964844, 125.94173431396484, 125.3682632446289, 125.02214813232422, 124.81843566894531, 124.71407318115234, 124.6477279663086, 124.6111068725586, 124.58955383300781, 124.57796478271484, 124.57583618164062, 124.57029724121094, 124.57754516601562, 124.57804870605469, 124.5645751953125, 124.58171081542969, 124.56956481933594, 124.58545684814453, 124.56822967529297, 124.57379913330078, 124.57303619384766, 124.58814239501953, 124.5737533569336, 124.57816314697266, 124.58121490478516, 124.57672882080078, 124.57122039794922, 124.56375885009766, 124.5968017578125, 124.57376098632812, 124.59844207763672, 124.57437896728516, 124.57410430908203, 124.57406616210938, 124.59173583984375, 124.57317352294922, 124.66815185546875, 124.60948944091797, 124.59651184082031, 124.57154083251953, 124.58868408203125, 124.60236358642578, 124.62841033935547, 124.6208267211914, 124.72090911865234, 124.63579559326172, 124.58216094970703, 124.61425018310547, 124.59563446044922, 124.59658813476562, 124.58753967285156, 124.6234130859375, 124.61710357666016, 124.58517456054688, 124.61527252197266], "mae": [65.54529571533203, 55.912986755371094, 51.07270431518555, 46.65752029418945, 42.5152587890625, 38.6099739074707, 34.93450164794922, 31.457408905029297, 28.2042179107666, 25.16507911682129, 22.446449279785156, 20.017457962036133, 17.938467025756836, 16.181293487548828, 14.686139106750488, 13.463167190551758, 12.404343605041504, 11.513619422912598, 10.858026504516602, 10.37086296081543, 10.016622543334961, 9.752479553222656, 9.55709457397461, 9.412223815917969, 9.313759803771973, 9.272003173828125, 9.239870071411133, 9.21480941772461, 9.195720672607422, 9.181200981140137, 9.171065330505371, 9.163875579833984, 9.156686782836914, 9.152853012084961, 9.151268005371094, 9.149765968322754, 9.149572372436523, 9.150012969970703, 9.149871826171875, 9.149883270263672, 9.149965286254883, 9.149707794189453, 9.149890899658203, 9.149595260620117, 9.14991283416748, 9.149758338928223, 9.15038776397705, 9.150237083435059, 9.151008605957031, 9.150278091430664, 9.149564743041992, 9.150237083435059, 9.149720191955566, 9.151741027832031, 9.149921417236328, 9.150893211364746, 9.149559020996094, 9.150252342224121, 9.150090217590332, 9.150691986083984, 9.150303840637207, 9.159789085388184, 9.15070915222168, 9.151681900024414, 9.149764060974121, 9.150580406188965, 9.150606155395508, 9.152077674865723, 9.151054382324219, 9.15959644317627, 9.155855178833008, 9.149881362915039, 9.150628089904785, 9.14930248260498, 9.151601791381836, 9.152680397033691, 9.151808738708496, 9.152167320251465, 9.15095329284668, 9.151992797851562], "val_loss": [3538.22998046875, 2958.965087890625, 2491.108154296875, 2094.02783203125, 1753.3006591796875, 1461.5963134765625, 1212.771484375, 1002.47216796875, 825.5805053710938, 678.4013671875, 557.303466796875, 458.06329345703125, 378.8894348144531, 315.1401672363281, 265.10882568359375, 226.70968627929688, 197.25827026367188, 175.17359924316406, 159.0093536376953, 147.06631469726562, 138.73280334472656, 132.8743438720703, 129.0168914794922, 126.35846710205078, 124.68096923828125, 123.53587341308594, 122.9366455078125, 122.5721435546875, 122.30236053466797, 122.17867279052734, 122.11996459960938, 122.09504699707031, 122.08609008789062, 122.07878875732422, 122.07886505126953, 122.08171844482422, 122.08087921142578, 122.08685302734375, 122.08584594726562, 122.0844955444336, 122.08666229248047, 122.08531951904297, 122.08644104003906, 122.08393859863281, 122.08302307128906, 122.09252166748047, 122.09475708007812, 122.09326934814453, 122.08436584472656, 122.08483123779297, 122.08799743652344, 122.09295654296875, 122.09461975097656, 122.10614776611328, 122.08869934082031, 122.08367919921875, 122.0854263305664, 122.08663177490234, 122.09420013427734, 122.09071350097656, 122.0937271118164, 122.0911865234375, 122.09783172607422, 122.09607696533203, 122.09221649169922, 122.09989166259766, 122.08059692382812, 122.07901763916016, 122.08453369140625, 122.1007080078125, 122.10736846923828, 122.09712982177734, 122.10514068603516, 122.09162902832031, 122.0934829711914, 122.094970703125, 122.08634185791016, 122.07878875732422, 122.08848571777344, 122.10591125488281], "val_mse": [3538.22998046875, 2958.965087890625, 2491.108154296875, 2094.02783203125, 1753.3006591796875, 1461.5963134765625, 1212.771484375, 1002.47216796875, 825.5805053710938, 678.4013671875, 557.303466796875, 458.06329345703125, 378.8894348144531, 315.1401672363281, 265.10882568359375, 226.70968627929688, 197.25827026367188, 175.17359924316406, 159.0093536376953, 147.06631469726562, 138.73280334472656, 132.8743438720703, 129.0168914794922, 126.35846710205078, 124.68096923828125, 123.53587341308594, 122.9366455078125, 122.5721435546875, 122.30236053466797, 122.17867279052734, 122.11996459960938, 122.09504699707031, 122.08609008789062, 122.07878875732422, 122.07886505126953, 122.08171844482422, 122.08087921142578, 122.08685302734375, 122.08584594726562, 122.0844955444336, 122.08666229248047, 122.08531951904297, 122.08644104003906, 122.08393859863281, 122.08302307128906, 122.09252166748047, 122.09475708007812, 122.09326934814453, 122.08436584472656, 122.08483123779297, 122.08799743652344, 122.09295654296875, 122.09461975097656, 122.10614776611328, 122.08869934082031, 122.08367919921875, 122.0854263305664, 122.08663177490234, 122.09420013427734, 122.09071350097656, 122.0937271118164, 122.0911865234375, 122.09783172607422, 122.09607696533203, 122.09221649169922, 122.09989166259766, 122.08059692382812, 122.07901763916016, 122.08453369140625, 122.1007080078125, 122.10736846923828, 122.09712982177734, 122.10514068603516, 122.09162902832031, 122.0934829711914, 122.094970703125, 122.08634185791016, 122.07878875732422, 122.08848571777344, 122.10591125488281],