{"loss": [0.047487299889326096], "mse": [0.047487299889326096], "mae": [0.1709122359752655], "val_loss": [0.04757906496524811], "val_mse": [0.04757906496524811], "val_mae": [0.17101895809173584]}