{"loss": [0.04705290123820305], "mse": [0.04705290123820305], "mae": [0.1698896437883377], "val_loss": [0.04751955717802048], "val_mse": [0.04751955717802048], "val_mae": [0.17126445472240448]}