{"loss": [0.2150793969631195], "mse": [0.2150793969631195], "mae": [0.29177963733673096], "val_loss": [0.04863825812935829], "val_mse": [0.04863825812935829], "val_mae": [0.1733400672674179]}