{"loss": [0.04696965962648392], "mse": [0.04696965962648392], "mae": [0.1697368621826172], "val_loss": [0.04751951992511749], "val_mse": [0.04751951992511749], "val_mae": [0.17126452922821045]}