{"loss": [824.8203735351562, 124.311279296875, 124.27626037597656, 124.30994415283203, 124.36320495605469, 124.34522247314453, 124.31877899169922, 124.43258666992188, 124.45349884033203, 124.42204284667969, 124.47848510742188, 124.54747772216797, 124.61553192138672, 124.60570526123047, 124.6572036743164, 124.5239486694336, 124.40973663330078, 124.82239532470703, 124.86273193359375, 124.76070404052734, 125.09838104248047, 124.55313110351562, 124.6067886352539, 124.55363464355469, 124.29847717285156, 124.94568634033203, 125.0016098022461, 124.68756866455078, 124.8989028930664, 124.59193420410156, 124.73747253417969, 124.56005859375, 124.73310852050781, 124.82672119140625, 124.73233032226562, 124.94140625, 124.38967895507812, 125.05952453613281, 124.7572250366211, 124.64683532714844, 124.84320831298828, 124.61162567138672, 124.64550018310547, 124.77284240722656, 124.84209442138672, 124.80686950683594, 125.09595489501953, 124.89714813232422, 124.7097396850586, 124.61082458496094, 124.77318572998047, 124.9937973022461, 124.68767547607422, 124.81843566894531, 124.99272918701172, 124.6030502319336, 124.48079681396484, 124.65908813476562, 124.6430435180664, 124.82255554199219, 124.50639343261719, 124.65819549560547, 124.89051055908203, 124.63623046875, 124.746826171875, 124.55508422851562, 124.93524169921875, 124.75886535644531, 124.94232940673828, 125.10057830810547, 124.8942642211914, 124.68878936767578, 125.02377319335938, 124.68962860107422, 124.47460174560547, 124.66444396972656, 124.6445083618164, 124.78121185302734, 124.7193603515625, 124.67652893066406, 124.54181671142578, 124.82080078125, 124.86814880371094, 124.7059555053711, 124.59854125976562, 124.68132019042969, 124.65230560302734, 124.77884674072266, 124.84699249267578, 124.64582824707031, 124.67101287841797, 124.57849884033203, 125.15852355957031, 124.96566772460938, 124.96669006347656, 124.42217254638672, 124.61746978759766, 124.53365325927734, 124.8277816772461, 124.63471221923828, 124.92524719238281, 124.64720916748047, 124.7737045288086, 124.88136291503906, 124.80047607421875, 124.5212173461914, 124.78905487060547, 124.61697387695312, 124.927490234375, 124.60967254638672, 124.53457641601562, 124.8590087890625, 124.77543640136719, 124.71527862548828, 125.15160369873047, 124.70222473144531, 125.14854431152344, 124.44660949707031, 124.76117706298828, 124.60973358154297], "mse": [824.8203735351562, 124.311279296875, 124.27626037597656, 124.30994415283203, 124.36320495605469, 124.34522247314453, 124.31877899169922, 124.43258666992188, 124.45349884033203, 124.42204284667969, 124.47848510742188, 124.54747772216797, 124.61553192138672, 124.60570526123047, 124.6572036743164, 124.5239486694336, 124.40973663330078, 124.82239532470703, 124.86273193359375, 124.76070404052734, 125.09838104248047, 124.55313110351562, 124.6067886352539, 124.55363464355469, 124.29847717285156, 124.94568634033203, 125.0016098022461, 124.68756866455078, 124.8989028930664, 124.59193420410156, 124.73747253417969, 124.56005859375, 124.73310852050781, 124.82672119140625, 124.73233032226562, 124.94140625, 124.38967895507812, 125.05952453613281, 124.7572250366211, 124.64683532714844, 124.84320831298828, 124.61162567138672, 124.64550018310547, 124.77284240722656, 124.84209442138672, 124.80686950683594, 125.09595489501953, 124.89714813232422, 124.7097396850586, 124.61082458496094, 124.77318572998047, 124.9937973022461, 124.68767547607422, 124.81843566894531, 124.99272918701172, 124.6030502319336, 124.48079681396484, 124.65908813476562, 124.6430435180664, 124.82255554199219, 124.50639343261719, 124.65819549560547, 124.89051055908203, 124.63623046875, 124.746826171875, 124.55508422851562, 124.93524169921875, 124.75886535644531, 124.94232940673828, 125.10057830810547, 124.8942642211914, 124.68878936767578, 125.02377319335938, 124.68962860107422, 124.47460174560547, 124.66444396972656, 124.6445083618164, 124.78121185302734, 124.7193603515625, 124.67652893066406, 124.54181671142578, 124.82080078125, 124.86814880371094, 124.7059555053711, 124.59854125976562, 124.68132019042969, 124.65230560302734, 124.77884674072266, 124.84699249267578, 124.64582824707031, 124.67101287841797, 124.57849884033203, 125.15852355957031, 124.96566772460938, 124.96669006347656, 124.42217254638672, 124.61746978759766, 124.53365325927734, 124.8277816772461, 124.63471221923828, 124.92524719238281, 124.64720916748047, 124.7737045288086, 124.88136291503906, 124.80047607421875, 124.5212173461914, 124.78905487060547, 124.61697387695312, 124.927490234375, 124.60967254638672, 124.53457641601562, 124.8590087890625, 124.77543640136719, 124.71527862548828, 125.15160369873047, 124.70222473144531, 125.14854431152344, 124.44660949707031, 124.76117706298828, 124.60973358154297], "mae": [21.430156707763672, 9.142145156860352, 9.144708633422852, 9.137378692626953, 9.140748977661133, 9.145397186279297, 9.142940521240234, 9.14277458190918, 9.144783973693848, 9.147730827331543, 9.14643383026123, 9.150395393371582, 9.155919075012207, 9.153887748718262, 9.16208553314209, 9.155674934387207, 9.145998001098633, 9.164094924926758, 9.161844253540039, 9.151605606079102, 9.16547966003418, 9.138229370117188, 9.156049728393555, 9.145980834960938, 9.130107879638672, 9.158355712890625, 9.158872604370117, 9.148394584655762, 9.154887199401855, 9.143791198730469, 9.155008316040039, 9.153180122375488, 9.154913902282715, 9.15247631072998, 9.158488273620605, 9.162720680236816, 9.138422966003418, 9.170574188232422, 9.158086776733398, 9.14876651763916, 9.157443046569824, 9.154143333435059, 9.149741172790527, 9.158835411071777, 9.159517288208008, 9.159342765808105, 9.171674728393555, 9.161612510681152, 9.157597541809082, 9.149660110473633, 9.15826416015625, 9.16549015045166, 9.159576416015625, 9.159483909606934, 9.164379119873047, 9.150474548339844, 9.137679100036621, 9.158764839172363, 9.152861595153809, 9.161754608154297, 9.148970603942871, 9.153509140014648, 9.1714506149292, 9.148303031921387, 9.154476165771484, 9.148283004760742, 9.159112930297852, 9.156920433044434, 9.165287971496582, 9.167213439941406, 9.157804489135742, 9.150735855102539, 9.16279411315918, 9.159722328186035, 9.1482515335083, 9.152820587158203, 9.153849601745605, 9.1506986618042, 9.154786109924316, 9.158041000366211, 9.145237922668457, 9.157478332519531, 9.16291332244873, 9.152608871459961, 9.148773193359375, 9.155921936035156, 9.154600143432617, 9.15599536895752, 9.153280258178711, 9.149250984191895, 9.153369903564453, 9.152003288269043, 9.165484428405762, 9.158573150634766, 9.157127380371094, 9.144946098327637, 9.156479835510254, 9.153188705444336, 9.16443157196045, 9.156522750854492, 9.153728485107422, 9.148509979248047, 9.158869743347168, 9.16657543182373, 9.149876594543457, 9.139847755432129, 9.161445617675781, 9.157154083251953, 9.162603378295898, 9.150875091552734, 9.14405345916748, 9.160176277160645, 9.166092872619629, 9.144582748413086, 9.171195983886719, 9.149510383605957, 9.170820236206055, 9.147522926330566, 9.152679443359375, 9.144729614257812],