{"loss": [4317.6142578125, 3485.499267578125, 2974.963134765625, 2504.650146484375, 2077.5478515625, 1693.0196533203125, 1352.923828125, 1058.4713134765625, 808.0997924804688, 598.5128173828125, 433.4372863769531, 310.8055725097656, 231.24147033691406, 190.41949462890625, 180.82098388671875, 180.0858154296875, 180.0779571533203, 180.04135131835938, 180.0130157470703, 179.9061737060547, 180.08929443359375, 180.08905029296875, 179.99122619628906, 180.017578125, 180.0460968017578, 180.07998657226562, 180.04513549804688, 179.9947509765625, 180.04969787597656, 180.06300354003906, 180.0637969970703, 180.06011962890625, 180.07920837402344, 180.05116271972656, 180.0520477294922, 180.05767822265625, 180.06167602539062, 180.02783203125, 180.05691528320312, 180.34710693359375, 180.21351623535156, 180.1394500732422, 180.13316345214844, 180.172119140625, 180.0972900390625, 180.09130859375, 180.26651000976562, 180.4969482421875, 180.330810546875, 180.4259490966797, 180.45867919921875, 180.23573303222656, 180.16549682617188, 180.2115478515625, 180.02821350097656, 180.3061981201172, 180.18795776367188, 180.10983276367188, 180.16787719726562, 180.2775115966797], "mse": [4317.6142578125, 3485.499267578125, 2974.963134765625, 2504.650146484375, 2077.5478515625, 1693.0196533203125, 1352.923828125, 1058.4713134765625, 808.0997924804688, 598.5128173828125, 433.4372863769531, 310.8055725097656, 231.24147033691406, 190.41949462890625, 180.82098388671875, 180.0858154296875, 180.0779571533203, 180.04135131835938, 180.0130157470703, 179.9061737060547, 180.08929443359375, 180.08905029296875, 179.99122619628906, 180.017578125, 180.0460968017578, 180.07998657226562, 180.04513549804688, 179.9947509765625, 180.04969787597656, 180.06300354003906, 180.0637969970703, 180.06011962890625, 180.07920837402344, 180.05116271972656, 180.0520477294922, 180.05767822265625, 180.06167602539062, 180.02783203125, 180.05691528320312, 180.34710693359375, 180.21351623535156, 180.1394500732422, 180.13316345214844, 180.172119140625, 180.0972900390625, 180.09130859375, 180.26651000976562, 180.4969482421875, 180.330810546875, 180.4259490966797, 180.45867919921875, 180.23573303222656, 180.16549682617188, 180.2115478515625, 180.02821350097656, 180.3061981201172, 180.18795776367188, 180.10983276367188, 180.16787719726562, 180.2775115966797], "mae": [64.15227508544922, 57.48262023925781, 52.83235549926758, 48.198307037353516, 43.548500061035156, 38.87909698486328, 34.23855972290039, 29.613117218017578, 25.03976058959961, 20.73709487915039, 16.95023536682129, 13.796098709106445, 11.621933937072754, 10.603646278381348, 10.388850212097168, 10.398782730102539, 10.401192665100098, 10.400431632995605, 10.398029327392578, 10.40655517578125, 10.395147323608398, 10.39791202545166, 10.396031379699707, 10.40699291229248, 10.399975776672363, 10.398296356201172, 10.396992683410645, 10.387763977050781, 10.404294967651367, 10.401920318603516, 10.401134490966797, 10.404364585876465, 10.399386405944824, 10.398752212524414, 10.39801025390625, 10.401978492736816, 10.399287223815918, 10.396244049072266, 10.390100479125977, 10.417383193969727, 10.403507232666016, 10.403300285339355, 10.401503562927246, 10.41021728515625, 10.399742126464844, 10.403786659240723, 10.402510643005371, 10.40667724609375, 10.415567398071289, 10.40776538848877, 10.412540435791016, 10.409883499145508, 10.403837203979492, 10.400375366210938, 10.38629150390625, 10.404631614685059, 10.400152206420898, 10.410074234008789, 10.407416343688965, 10.417555809020996], "val_loss": [3737.96337890625, 3201.724609375, 2711.440185546875, 2265.562744140625, 1856.6485595703125, 1496.299072265625, 1179.81982421875, 906.416015625, 677.1826782226562, 491.07379150390625, 347.59136962890625, 247.0676727294922, 187.85311889648438, 165.74400329589844, 163.346435546875, 163.28646850585938, 163.27362060546875, 163.2667236328125, 163.3260498046875, 163.33749389648438, 163.2684326171875, 163.26866149902344, 163.32322692871094, 163.30520629882812, 163.33592224121094, 163.29925537109375, 163.2683563232422, 163.2909393310547, 163.27113342285156, 163.2887420654297, 163.28509521484375, 163.32460021972656, 163.3079376220703, 163.29934692382812, 163.27581787109375, 163.2801513671875, 163.2668914794922, 163.54917907714844, 163.2671356201172, 163.538818359375, 163.5238494873047, 163.3446502685547, 163.34527587890625, 163.28475952148438, 163.2664794921875, 163.30413818359375, 163.2734832763672, 163.2755584716797, 163.44480895996094, 163.2666778564453, 163.4894561767578, 163.38235473632812, 163.5891876220703, 163.2749481201172, 163.27154541015625, 163.2655792236328, 163.35897827148438, 163.28692626953125, 163.26950073242188, 163.69924926757812], "val_mse": [3737.96337890625, 3201.724609375, 2711.440185546875, 2265.562744140625, 1856.6485595703125, 1496.299072265625, 1179.81982421875, 906.416015625, 677.1826782226562, 491.07379150390625, 347.59136962890625, 247.0676727294922, 187.85311889648438, 165.74400329589844, 163.346435546875, 163.28646850585938, 163.27362060546875, 163.2667236328125, 163.3260498046875, 163.33749389648438, 163.2684326171875, 163.26866149902344, 163.32322692871094, 163.30520629882812, 163.33592224121094, 163.29925537109375, 163.2683563232422, 163.2909393310547, 163.27113342285156, 163.2887420654297, 163.28509521484375, 163.32460021972656, 163.3079376220703, 163.29934692382812, 163.27581787109375, 163.2801513671875, 163.2668914794922, 163.54917907714844, 163.2671356201172, 163.538818359375, 163.5238494873047, 163.3446502685547, 163.34527587890625, 163.28475952148438, 163.2664794921875, 163.30413818359375, 163.2734832763672, 163.2755584716797, 163.44480895996094, 163.2666778564453, 163.4894561767578, 163.38235473632812, 163.5891876220703, 163.2749481201172, 163.27154541015625, 163.2655792236328, 163.35897827148438, 163.28692626953125, 163.26950073242188, 163.69924926757812], "val_mae": [59.78877258300781, 55.12221145629883, 50.47944259643555, 45.85080337524414, 41.150718688964844, 36.51071548461914, 31.88343048095703, 27.262004852294922, 22.75102996826172, 18.573837280273438, 14.986882209777832, 12.177471160888672, 10.603732109069824, 10.139838218688965, 10.109699249267578, 10.1151704788208, 10.117387771606445, 10.122024536132812, 10.134913444519043, 10.110330581665039, 10.119298934936523, 10.124035835266113, 10.134594917297363, 10.11302375793457, 10.110444068908691, 10.113636016845703, 10.123848915100098, 10.130112648010254, 10.118020057678223, 10.1148681640625, 10.115362167358398, 10.111312866210938, 10.112759590148926, 10.113624572753906, 10.116909980773926, 10.116116523742676, 10.120776176452637, 10.107498168945312, 10.122796058654785, 10.107283592224121, 10.149385452270508, 10.136862754821777, 10.136919975280762, 10.115375518798828, 10.122017860412598, 10.113121032714844, 10.1260986328125, 10.126758575439453, 10.144644737243652, 10.120290756225586, 10.1473970413208, 10.140191078186035, 10.107847213745117, 10.126642227172852, 10.12563705444336, 10.12196159362793, 10.138216018676758, 10.129461288452148, 10.124533653259277, 10.161898612976074]}