{"loss": [0.048137836158275604], "mse": [0.048137836158275604], "mae": [0.17351768910884857], "val_loss": [0.04762580990791321], "val_mse": [0.04762580990791321], "val_mae": [0.17194610834121704]}