{"loss": [0.16905821859836578], "mse": [0.04694168642163277], "mae": [0.16905821859836578], "val_loss": [0.17103496193885803], "val_mse": [0.04764944687485695], "val_mae": [0.17103496193885803]}