{"loss": [0.04754287749528885], "mse": [0.04754287749528885], "mae": [0.1708790510892868], "val_loss": [0.047520071268081665], "val_mse": [0.047520071268081665], "val_mae": [0.17127913236618042]}