{"loss": [701.4599609375, 148.12457275390625, 129.13926696777344, 125.42329406738281, 124.85205841064453, 124.73685455322266, 124.7197494506836, 124.7451171875, 124.72948455810547, 124.54109954833984, 124.58204650878906, 124.77156066894531, 124.6483154296875, 124.7777099609375, 124.72435760498047, 124.63045501708984, 124.63290405273438, 124.66255187988281, 124.67083740234375, 124.57093048095703, 124.77113342285156, 124.64624786376953, 124.57621765136719, 124.74007415771484, 124.65029907226562, 124.7076416015625, 124.73507690429688, 124.50886535644531, 124.68888092041016, 124.65552520751953, 124.59613800048828, 124.82940673828125, 124.80547332763672, 124.59510803222656, 124.79460144042969, 124.71167755126953, 124.54207611083984, 124.62406921386719, 124.52483367919922, 124.70137786865234, 124.71550750732422, 124.82027435302734, 124.93933868408203, 124.71216583251953, 124.62965393066406, 124.8702163696289, 124.58496856689453, 124.72645568847656, 124.74443817138672, 124.78194427490234, 124.71636962890625, 124.79817962646484, 124.73915100097656, 124.67593383789062, 124.63225555419922, 124.81087493896484, 124.66556549072266, 124.77935791015625, 124.78641510009766, 124.74658203125, 124.57195281982422, 124.84513854980469, 124.65614318847656, 124.65723419189453, 124.61842346191406, 124.72126770019531, 124.67424011230469, 124.7194595336914, 124.63723754882812, 124.43406677246094, 124.70792388916016, 124.7183837890625, 124.72689819335938, 124.6959457397461, 124.72261047363281, 124.740478515625, 124.61515808105469, 124.71961975097656, 124.7390365600586, 124.68804931640625, 124.70245361328125, 124.62178039550781, 124.69880676269531, 124.62606048583984, 124.633544921875, 124.78402709960938, 124.79583740234375, 124.67863464355469, 124.75017547607422, 124.79764556884766, 124.70370483398438, 124.72640991210938, 124.6484146118164, 124.67790222167969, 124.67212677001953, 124.78825378417969, 124.82805633544922, 124.82459259033203, 124.7895736694336, 124.71202087402344], "mse": [701.4599609375, 148.12457275390625, 129.13926696777344, 125.42329406738281, 124.85205841064453, 124.73685455322266, 124.7197494506836, 124.7451171875, 124.72948455810547, 124.54109954833984, 124.58204650878906, 124.77156066894531, 124.6483154296875, 124.7777099609375, 124.72435760498047, 124.63045501708984, 124.63290405273438, 124.66255187988281, 124.67083740234375, 124.57093048095703, 124.77113342285156, 124.64624786376953, 124.57621765136719, 124.74007415771484, 124.65029907226562, 124.7076416015625, 124.73507690429688, 124.50886535644531, 124.68888092041016, 124.65552520751953, 124.59613800048828, 124.82940673828125, 124.80547332763672, 124.59510803222656, 124.79460144042969, 124.71167755126953, 124.54207611083984, 124.62406921386719, 124.52483367919922, 124.70137786865234, 124.71550750732422, 124.82027435302734, 124.93933868408203, 124.71216583251953, 124.62965393066406, 124.8702163696289, 124.58496856689453, 124.72645568847656, 124.74443817138672, 124.78194427490234, 124.71636962890625, 124.79817962646484, 124.73915100097656, 124.67593383789062, 124.63225555419922, 124.81087493896484, 124.66556549072266, 124.77935791015625, 124.78641510009766, 124.74658203125, 124.57195281982422, 124.84513854980469, 124.65614318847656, 124.65723419189453, 124.61842346191406, 124.72126770019531, 124.67424011230469, 124.7194595336914, 124.63723754882812, 124.43406677246094, 124.70792388916016, 124.7183837890625, 124.72689819335938, 124.6959457397461, 124.72261047363281, 124.740478515625, 124.61515808105469, 124.71961975097656, 124.7390365600586, 124.68804931640625, 124.70245361328125, 124.62178039550781, 124.69880676269531, 124.62606048583984, 124.633544921875, 124.78402709960938, 124.79583740234375, 124.67863464355469, 124.75017547607422, 124.79764556884766, 124.70370483398438, 124.72640991210938, 124.6484146118164, 124.67790222167969, 124.67212677001953, 124.78825378417969, 124.82805633544922, 124.82459259033203, 124.7895736694336, 124.71202087402344], "mae": [19.31651496887207, 9.459147453308105, 9.306063652038574, 9.181085586547852, 9.159255027770996, 9.15374755859375, 9.155253410339355, 9.154505729675293, 9.152667045593262, 9.146188735961914, 9.141286849975586, 9.159746170043945, 9.150392532348633, 9.158721923828125, 9.16081714630127, 9.152497291564941, 9.153377532958984, 9.151041984558105, 9.160996437072754, 9.148025512695312, 9.159594535827637, 9.146565437316895, 9.150848388671875, 9.155174255371094, 9.144342422485352, 9.153139114379883, 9.158048629760742, 9.142904281616211, 9.15715503692627, 9.150386810302734, 9.152959823608398, 9.159871101379395, 9.157133102416992, 9.150259017944336, 9.16215705871582, 9.153955459594727, 9.141980171203613, 9.154143333435059, 9.150336265563965, 9.147029876708984, 9.152570724487305, 9.158259391784668, 9.163679122924805, 9.156632423400879, 9.15785026550293, 9.160202980041504, 9.153736114501953, 9.157224655151367, 9.150388717651367, 9.1549711227417, 9.153972625732422, 9.164868354797363, 9.157550811767578, 9.155366897583008, 9.157286643981934, 9.158708572387695, 9.147401809692383, 9.163166046142578, 9.159133911132812, 9.15644645690918, 9.150498390197754, 9.162196159362793, 9.160792350769043, 9.146300315856934, 9.143858909606934, 9.151716232299805, 9.155001640319824, 9.16207218170166, 9.14639663696289, 9.152579307556152, 9.152517318725586, 9.15729808807373, 9.15601921081543, 9.159170150756836, 9.150419235229492, 9.154719352722168, 9.15700912475586, 9.148744583129883, 9.161036491394043, 9.161080360412598, 9.15516471862793, 9.150590896606445, 9.149473190307617, 9.160489082336426, 9.151992797851562, 9.158190727233887, 9.162688255310059, 9.149117469787598, 9.149843215942383, 9.157328605651855, 9.155899047851562, 9.154779434204102, 9.156526565551758, 9.152029037475586, 9.149507522583008, 9.154109954833984, 9.15821647644043, 9.163997650146484, 9.15947437286377, 9.159178733825684], "val_loss": [124.41278076171875, 130.17764282226562, 123.6124496459961, 123.5001449584961, 123.55211639404297, 123.73899841308594, 123.97190856933594, 123.49629211425781, 123.54676055908203, 124.06681060791016, 123.49744415283203, 125.0313491821289, 123.96936798095703, 124.11756134033203, 123.49853515625, 123.82115936279297, 123.5626449584961, 123.79650115966797, 123.90862274169922, 123.59461212158203, 123.50479888916016, 124.46424102783203, 123.99202728271484, 123.71541595458984, 124.16943359375, 123.72853088378906, 123.8699722290039, 123.90540313720703, 123.54669952392578, 123.49702453613281, 123.50017547607422, 123.73481750488281, 124.007080078125, 123.53828430175781, 124.83312225341797, 123.91344451904297, 123.50613403320312, 123.50323486328125, 123.94020080566406, 124.36873626708984, 124.96308898925781, 123.52750396728516, 123.50333404541016, 123.56290435791016, 123.84715270996094, 123.65807342529297, 123.63331604003906, 123.9302749633789, 124.35442352294922, 123.80461883544922, 126.20359802246094, 123.8387222290039, 123.69879150390625, 123.8343734741211, 123.76935577392578, 123.50279998779297, 124.33341217041016, 125.23444366455078, 123.60549926757812, 123.4964370727539, 124.8290023803711, 123.60124969482422, 124.89269256591797, 125.82421875, 123.63037109375, 123.71440124511719, 123.89750671386719, 124.78883361816406, 123.52214813232422, 123.62310791015625, 123.51473236083984, 124.55885314941406, 123.49613952636719, 123.55480194091797, 124.24893951416016, 123.96823120117188, 124.75932312011719, 123.9794921875, 123.61602783203125, 123.55388641357422, 123.53205108642578, 125.25691986083984, 123.55115509033203, 123.62628936767578, 124.64904022216797, 123.86470031738281, 123.5199203491211, 123.60730743408203, 123.54515075683594, 125.22281646728516, 123.67708587646484, 123.49658203125, 123.54822540283203, 124.7793960571289, 124.53966522216797, 124.87902069091797, 123.80377960205078, 123.70709991455078, 123.49784851074219, 124.31669616699219],