{"loss": [0.04711604118347168], "mse": [0.04711604118347168], "mae": [0.1699792742729187], "val_loss": [0.04751954227685928], "val_mse": [0.04751954227685928], "val_mae": [0.17125475406646729]}