{"loss": [0.16904808580875397], "mse": [0.04692668467760086], "mae": [0.16904808580875397], "val_loss": [0.17103511095046997], "val_mse": [0.04766158014535904], "val_mae": [0.17103511095046997]}