{"loss": [0.17022401094436646], "mse": [0.04730081558227539], "mae": [0.17022401094436646], "val_loss": [0.1710187941789627], "val_mse": [0.04763307049870491], "val_mae": [0.1710187941789627]}