{"loss": [0.16999922692775726], "mse": [0.047371137887239456], "mae": [0.16999922692775726], "val_loss": [0.17099936306476593], "val_mse": [0.04768357425928116], "val_mae": [0.17099936306476593]}