{"loss": [2371.283447265625, 358.2177734375, 134.92819213867188, 124.81422424316406, 124.6242446899414, 124.63027954101562, 124.7638931274414, 124.68309020996094, 124.76840209960938, 124.75658416748047, 124.74343872070312, 124.68102264404297, 124.60448455810547, 124.82412719726562, 124.69402313232422, 124.79369354248047, 124.75617218017578, 124.68177032470703, 124.60157775878906, 124.66455841064453, 124.6841812133789, 124.72181701660156, 124.59622955322266, 124.7516860961914, 124.8931655883789, 124.74330139160156, 124.69001770019531, 124.57453918457031, 125.30098724365234, 124.70353698730469, 124.8458251953125, 125.15226745605469, 124.81248474121094, 124.76834106445312, 124.89268493652344, 124.52619934082031, 124.78482055664062, 124.91282653808594, 125.21508026123047, 124.72765350341797, 125.02544403076172, 124.91168975830078, 124.79048919677734, 124.9236068725586, 124.76122283935547, 125.14591979980469, 125.69011688232422, 125.11406707763672, 125.07707214355469, 124.9796371459961, 124.84483337402344, 124.94136047363281, 124.76927947998047, 124.95157623291016, 125.57063293457031, 125.78990936279297, 124.88490295410156, 124.95281219482422, 124.92372131347656, 125.78944396972656, 124.82791137695312, 124.18889617919922, 124.94000244140625, 124.68148040771484, 124.7181625366211, 124.90665435791016, 125.08676147460938, 124.67991638183594, 125.11727142333984, 125.66824340820312, 125.14771270751953, 125.23226165771484, 125.40516662597656, 125.08930206298828, 125.26676940917969, 124.87152862548828, 125.46566772460938, 125.31368255615234, 125.14897155761719, 125.5869369506836], "mse": [2371.283447265625, 358.2177734375, 134.92819213867188, 124.81422424316406, 124.6242446899414, 124.63027954101562, 124.7638931274414, 124.68309020996094, 124.76840209960938, 124.75658416748047, 124.74343872070312, 124.68102264404297, 124.60448455810547, 124.82412719726562, 124.69402313232422, 124.79369354248047, 124.75617218017578, 124.68177032470703, 124.60157775878906, 124.66455841064453, 124.6841812133789, 124.72181701660156, 124.59622955322266, 124.7516860961914, 124.8931655883789, 124.74330139160156, 124.69001770019531, 124.57453918457031, 125.30098724365234, 124.70353698730469, 124.8458251953125, 125.15226745605469, 124.81248474121094, 124.76834106445312, 124.89268493652344, 124.52619934082031, 124.78482055664062, 124.91282653808594, 125.21508026123047, 124.72765350341797, 125.02544403076172, 124.91168975830078, 124.79048919677734, 124.9236068725586, 124.76122283935547, 125.14591979980469, 125.69011688232422, 125.11406707763672, 125.07707214355469, 124.9796371459961, 124.84483337402344, 124.94136047363281, 124.76927947998047, 124.95157623291016, 125.57063293457031, 125.78990936279297, 124.88490295410156, 124.95281219482422, 124.92372131347656, 125.78944396972656, 124.82791137695312, 124.18889617919922, 124.94000244140625, 124.68148040771484, 124.7181625366211, 124.90665435791016, 125.08676147460938, 124.67991638183594, 125.11727142333984, 125.66824340820312, 125.14771270751953, 125.23226165771484, 125.40516662597656, 125.08930206298828, 125.26676940917969, 124.87152862548828, 125.46566772460938, 125.31368255615234, 125.14897155761719, 125.5869369506836], "mae": [45.52810287475586, 15.958118438720703, 9.608985900878906, 9.177993774414062, 9.153058052062988, 9.152826309204102, 9.161626815795898, 9.152996063232422, 9.162907600402832, 9.154620170593262, 9.160760879516602, 9.154618263244629, 9.166727066040039, 9.154520034790039, 9.153971672058105, 9.165160179138184, 9.156533241271973, 9.155816078186035, 9.162084579467773, 9.14869499206543, 9.159052848815918, 9.155204772949219, 9.154159545898438, 9.157986640930176, 9.168863296508789, 9.153120994567871, 9.172260284423828, 9.15405559539795, 9.17352294921875, 9.153392791748047, 9.163840293884277, 9.173469543457031, 9.168649673461914, 9.149827003479004, 9.175090789794922, 9.150165557861328, 9.167155265808105, 9.173401832580566, 9.172210693359375, 9.160815238952637, 9.180183410644531, 9.15900707244873, 9.152935981750488, 9.161737442016602, 9.165194511413574, 9.171483993530273, 9.196502685546875, 9.177461624145508, 9.183130264282227, 9.163368225097656, 9.165349960327148, 9.179940223693848, 9.153532981872559, 9.16696834564209, 9.197884559631348, 9.197948455810547, 9.164266586303711, 9.165596961975098, 9.162564277648926, 9.203908920288086, 9.163077354431152, 9.14003849029541, 9.168651580810547, 9.158731460571289, 9.157097816467285, 9.167634010314941, 9.173246383666992, 9.154434204101562, 9.153190612792969, 9.16047477722168, 9.166006088256836, 9.185851097106934, 9.170026779174805, 9.168614387512207, 9.180386543273926, 9.168732643127441, 9.154950141906738, 9.191904067993164, 9.17137336730957, 9.193346977233887], "val_loss": [764.378173828125, 156.3622283935547, 122.60785675048828, 122.07991027832031, 122.1011734008789, 122.11271667480469, 122.26393127441406, 122.08214569091797, 122.11530303955078, 122.07890319824219, 122.0911636352539, 122.0870590209961, 122.50861358642578, 122.32738494873047, 122.12399291992188, 122.203125, 122.17739868164062, 122.12078857421875, 122.46810913085938, 122.18501281738281, 122.48629760742188, 122.10218811035156, 122.11837005615234, 122.08877563476562, 122.09281158447266, 122.08137512207031, 122.98319244384766, 122.58787536621094, 122.08861541748047, 122.07909393310547, 122.15685272216797, 122.134033203125, 122.08290100097656, 122.10607147216797, 122.3958511352539, 122.34396362304688, 122.32115173339844, 122.10875701904297, 122.15376281738281, 122.1041259765625, 122.14204406738281, 122.17245483398438, 122.7020034790039, 122.16581726074219, 123.12103271484375, 122.08519744873047, 122.45616149902344, 122.40689086914062, 122.31360626220703, 122.344970703125, 122.80108642578125, 122.2491683959961, 122.08140563964844, 122.48663330078125, 122.07890319824219, 122.8927230834961, 122.10426330566406, 122.17372131347656, 122.51882934570312, 122.13864135742188, 122.12516021728516, 122.48918914794922, 122.1112060546875, 122.10682678222656, 122.28447723388672, 122.13574981689453, 122.54383850097656, 122.33900451660156, 122.91357421875, 124.43267822265625, 122.08336639404297, 122.07884216308594, 123.05923461914062, 122.86894226074219, 122.14456939697266, 122.09349822998047, 122.08043670654297, 122.75938415527344, 122.54877471923828, 122.36894226074219], "val_mse": [764.378173828125, 156.3622283935547, 122.60785675048828, 122.07991027832031, 122.1011734008789, 122.11271667480469, 122.26393127441406, 122.08214569091797, 122.11530303955078, 122.07890319824219, 122.0911636352539, 122.0870590209961, 122.50861358642578, 122.32738494873047, 122.12399291992188, 122.203125, 122.17739868164062, 122.12078857421875, 122.46810913085938, 122.18501281738281, 122.48629760742188, 122.10218811035156, 122.11837005615234, 122.08877563476562, 122.09281158447266, 122.08137512207031, 122.98319244384766, 122.58787536621094, 122.08861541748047, 122.07909393310547, 122.15685272216797, 122.134033203125, 122.08290100097656, 122.10607147216797, 122.3958511352539, 122.34396362304688, 122.32115173339844, 122.10875701904297, 122.15376281738281, 122.1041259765625, 122.14204406738281, 122.17245483398438, 122.7020034790039, 122.16581726074219, 123.12103271484375, 122.08519744873047, 122.45616149902344, 122.40689086914062, 122.31360626220703, 122.344970703125, 122.80108642578125, 122.2491683959961, 122.08140563964844, 122.48663330078125, 122.07890319824219, 122.8927230834961, 122.10426330566406, 122.17372131347656, 122.51882934570312, 122.13864135742188, 122.12516021728516, 122.48918914794922, 122.1112060546875, 122.10682678222656, 122.28447723388672, 122.13574981689453, 122.54383850097656, 122.33900451660156, 122.91357421875, 124.43267822265625, 122.08336639404297, 122.07884216308594, 123.05923461914062, 122.86894226074219, 122.14456939697266, 122.09349822998047, 122.08043670654297, 122.75938415527344, 122.54877471923828, 122.36894226074219],