{"loss": [0.17007265985012054], "mse": [0.04739992320537567], "mae": [0.17007265985012054], "val_loss": [0.17104756832122803], "val_mse": [0.047635287046432495], "val_mae": [0.17104756832122803]}