{"loss": [0.047127071768045425], "mse": [0.047127071768045425], "mae": [0.16981230676174164], "val_loss": [0.047543708235025406], "val_mse": [0.047543708235025406], "val_mae": [0.17111121118068695]}